交易日期,品种,方向,入场时间(ET),出场时间(ET),入场价格,出场价格,止损价格,股数,风险仓,杠杆仓,仓位价值,ATR,ATR止损距离,风险点数,风险金额,杠杆倍数,佣金,盈亏,盈亏比例,R倍数,出场原因,交易前资金,交易后资金,是否交易日
2024-01-02,TQQQ,做空,09:35:00,15:55:00,49.06,48.13,49.14,2038,3131,2038,99984.28,1.60,0.08,0.08,250.00,4.00,1.02,1894.32,0.0758,11.65,End of Day,25000.00,26894.32,是
2024-01-03,TQQQ,做多,09:35:00,09:55:00,47.19,47.11,47.11,2279,3343,2279,107546.01,1.61,0.08,0.08,268.94,4.00,1.14,-184.44,-0.0069,-1.00,Stop Loss,26894.32,26709.88,是
2024-01-04,TQQQ,做多,09:35:00,09:40:00,46.10,46.02,46.02,2317,3433,2317,106813.70,1.56,0.08,0.08,267.10,4.00,1.16,-181.39,-0.0068,-1.00,Stop Loss,26709.88,26528.50,是
2024-01-05,TQQQ,做多,09:35:00,09:40:00,46.17,46.09,46.09,2298,3528,2298,106098.66,1.50,0.08,0.08,265.28,4.00,1.15,-173.91,-0.0066,-1.00,Stop Loss,26528.50,26354.59,是
2024-01-08,TQQQ,做多,09:35:00,15:55:00,46.66,48.81,46.58,2259,3230,2259,105404.94,1.63,0.08,0.08,263.55,4.00,1.13,4855.72,0.1842,26.36,End of Day,26354.59,31210.31,是
2024-01-09,TQQQ,做多,09:35:00,09:40:00,48.05,47.97,47.97,2598,3757,2598,124833.90,1.66,0.08,0.08,312.10,4.00,1.30,-217.12,-0.0070,-1.00,Stop Loss,31210.31,30993.19,是
2024-01-10,TQQQ,做多,09:35:00,09:45:00,49.32,49.23,49.23,2513,3606,2513,123941.16,1.72,0.09,0.09,309.93,4.00,1.26,-217.20,-0.0070,-1.00,Stop Loss,30993.19,30775.99,是
2024-01-11,TQQQ,做多,09:35:00,09:40:00,50.72,50.63,50.63,2427,3617,2427,123097.44,1.70,0.09,0.09,307.76,4.00,1.21,-207.68,-0.0067,-1.00,Stop Loss,30775.99,30568.31,是
2024-01-12,TQQQ,做空,09:35:00,09:40:00,50.53,50.61,50.61,2419,3694,2419,122232.07,1.65,0.08,0.08,305.68,4.00,1.21,-201.38,-0.0066,-1.00,Stop Loss,30568.31,30366.93,是
2024-01-16,TQQQ,做多,09:35:00,09:40:00,49.96,49.88,49.88,2431,3625,2431,121452.76,1.67,0.08,0.08,303.67,4.00,1.22,-204.81,-0.0067,-1.00,Stop Loss,30366.93,30162.12,是
2024-01-17,TQQQ,做空,09:35:00,09:40:00,48.50,48.59,48.59,2487,3408,2487,120619.50,1.77,0.09,0.09,301.62,4.00,1.24,-221.34,-0.0073,-1.00,Stop Loss,30162.12,29940.78,是
2024-01-18,TQQQ,做多,09:35:00,09:45:00,50.90,50.81,50.81,2352,3173,2352,119716.80,1.89,0.09,0.09,299.41,4.00,1.18,-223.10,-0.0075,-1.00,Stop Loss,29940.78,29717.67,是
2024-01-22,TQQQ,做多,09:35:00,09:40:00,55.82,55.72,55.72,2129,2908,2129,118840.78,2.04,0.10,0.10,297.18,4.00,1.06,-218.60,-0.0074,-1.00,Stop Loss,29717.67,29499.07,是
2024-01-23,TQQQ,做空,09:35:00,09:40:00,54.38,54.47,54.47,2169,3132,2169,117950.22,1.88,0.09,0.09,294.99,4.00,1.08,-205.36,-0.0070,-1.00,Stop Loss,29499.07,29293.71,是
2024-01-24,TQQQ,做空,09:35:00,09:45:00,56.64,56.74,56.74,2068,3016,2068,117131.52,1.94,0.10,0.10,292.94,4.00,1.03,-201.85,-0.0069,-1.00,Stop Loss,29293.71,29091.86,是
2024-01-25,TQQQ,做空,09:35:00,10:20:00,57.08,57.18,57.18,2038,2913,2038,116329.04,2.00,0.10,0.10,290.92,4.00,1.02,-204.53,-0.0070,-1.00,Stop Loss,29091.86,28887.33,是
2024-01-26,TQQQ,做多,09:35:00,09:40:00,55.76,55.66,55.66,2072,2912,2072,115534.72,1.98,0.10,0.10,288.87,4.00,1.04,-206.53,-0.0071,-1.00,Stop Loss,28887.33,28680.80,是
2024-01-29,TQQQ,做多,09:35:00,10:00:00,55.66,55.56,55.56,2061,3007,2061,114715.26,1.91,0.10,0.10,286.81,4.00,1.03,-197.56,-0.0069,-1.00,Stop Loss,28680.80,28483.24,是
2024-01-30,TQQQ,做多,09:35:00,10:00:00,56.75,56.66,56.66,2007,3018,2007,113897.25,1.89,0.09,0.09,284.83,4.00,1.00,-190.38,-0.0067,-1.00,Stop Loss,28483.24,28292.86,是
2024-01-31,TQQQ,做多,09:35:00,09:40:00,54.35,54.25,54.25,2082,2809,2082,113156.70,2.01,0.10,0.10,282.93,4.00,1.04,-210.73,-0.0074,-1.00,Stop Loss,28292.86,28082.13,是
2024-02-01,TQQQ,做多,09:35:00,09:40:00,53.54,53.44,53.44,2098,2845,2098,112326.92,1.97,0.10,0.10,280.82,4.00,1.05,-208.08,-0.0074,-1.00,Stop Loss,28082.13,27874.05,是
2024-02-02,TQQQ,做多,09:35:00,15:55:00,55.25,57.26,55.14,2018,2632,2018,111494.50,2.12,0.11,0.11,278.74,4.00,1.01,4055.17,0.1455,18.98,End of Day,27874.05,31929.22,是
2024-02-05,TQQQ,做多,09:35:00,09:40:00,57.29,57.18,57.18,2229,2988,2229,127699.41,2.14,0.11,0.11,319.29,4.00,1.11,-239.30,-0.0075,-1.00,Stop Loss,31929.22,31689.93,是
2024-02-06,TQQQ,做空,09:35:00,15:55:00,57.28,56.62,57.39,2212,3010,2212,126703.36,2.10,0.11,0.11,316.90,4.00,1.11,1458.81,0.0460,6.27,End of Day,31689.93,33148.74,是
2024-02-07,TQQQ,做空,09:35:00,09:45:00,57.47,57.57,57.57,2307,3175,2307,132583.29,2.09,0.10,0.10,331.49,4.00,1.15,-241.99,-0.0073,-1.00,Stop Loss,33148.74,32906.75,是
2024-02-08,TQQQ,做空,09:35:00,09:40:00,58.22,58.32,58.32,2260,3406,2260,131577.20,1.93,0.10,0.10,329.07,4.00,1.13,-219.46,-0.0067,-1.00,Stop Loss,32906.75,32687.29,是
2024-02-09,TQQQ,做空,09:35:00,09:45:00,58.92,59.02,59.02,2219,3307,2219,130743.48,1.98,0.10,0.10,326.87,4.00,1.11,-220.39,-0.0067,-1.00,Stop Loss,32687.29,32466.90,是
2024-02-12,TQQQ,做多,09:35:00,09:40:00,60.38,60.28,60.28,2150,3207,2150,129817.00,2.02,0.10,0.10,324.67,4.00,1.07,-218.69,-0.0067,-1.00,Stop Loss,32466.90,32248.21,是
2024-02-13,TQQQ,做空,09:35:00,09:40:00,56.23,56.34,56.34,2294,3015,2294,128991.62,2.14,0.11,0.11,322.48,4.00,1.15,-246.44,-0.0076,-1.00,Stop Loss,32248.21,32001.77,是
2024-02-14,TQQQ,做空,09:35:00,10:00:00,57.80,57.91,57.91,2214,2991,2214,127969.20,2.14,0.11,0.11,320.02,4.00,1.11,-237.93,-0.0074,-1.00,Stop Loss,32001.77,31763.84,是
2024-02-15,TQQQ,做空,09:35:00,13:05:00,58.65,58.76,58.76,2166,2946,2166,127035.90,2.16,0.11,0.11,317.64,4.00,1.08,-234.55,-0.0074,-1.00,Stop Loss,31763.84,31529.30,是
2024-02-16,TQQQ,做空,09:35:00,15:55:00,58.98,57.40,59.09,2138,2902,2138,126099.24,2.17,0.11,0.11,315.29,4.00,1.07,3376.97,0.1071,14.54,End of Day,31529.30,34906.27,是
2024-02-20,TQQQ,做多,09:35:00,09:40:00,56.78,56.67,56.67,2459,3078,2459,139622.02,2.27,0.11,0.11,349.06,4.00,1.23,-280.06,-0.0080,-1.00,Stop Loss,34906.27,34626.20,是
2024-02-21,TQQQ,做多,09:35:00,09:40:00,55.04,54.93,54.93,2516,3162,2516,138480.64,2.19,0.11,0.11,346.26,4.00,1.26,-276.76,-0.0080,-1.00,Stop Loss,34626.20,34349.44,是
2024-02-22,TQQQ,做空,09:35:00,09:40:00,58.54,58.66,58.66,2347,2838,2347,137393.38,2.42,0.12,0.12,343.49,4.00,1.17,-285.16,-0.0083,-1.00,Stop Loss,34349.44,34064.28,是
2024-02-23,TQQQ,做多,09:35:00,09:40:00,61.13,61.01,61.01,2228,2915,2228,136197.64,2.34,0.12,0.12,340.64,4.00,1.11,-261.47,-0.0077,-1.00,Stop Loss,34064.28,33802.81,是
2024-02-26,TQQQ,做空,09:35:00,09:40:00,59.94,60.05,60.05,2255,2975,2255,135164.70,2.27,0.11,0.11,338.03,4.00,1.13,-257.31,-0.0076,-1.00,Stop Loss,33802.81,33545.50,是
2024-02-27,TQQQ,做空,09:35:00,10:15:00,59.91,60.02,60.02,2239,3026,2239,134138.49,2.22,0.11,0.11,335.46,4.00,1.12,-249.25,-0.0074,-1.00,Stop Loss,33545.50,33296.25,是
2024-02-28,TQQQ,做多,09:35:00,09:40:00,59.05,58.94,58.94,2255,3068,2255,133157.75,2.17,0.11,0.11,332.96,4.00,1.13,-245.79,-0.0074,-1.00,Stop Loss,33296.25,33050.46,是
2024-02-29,TQQQ,做多,09:35:00,09:40:00,60.38,60.27,60.27,2189,2930,2189,132171.82,2.26,0.11,0.11,330.50,4.00,1.09,-247.98,-0.0075,-1.00,Stop Loss,33050.46,32802.47,是
2024-03-01,TQQQ,做多,09:35:00,09:40:00,61.13,61.01,61.01,2146,2815,2146,131184.98,2.33,0.12,0.12,328.02,4.00,1.07,-251.08,-0.0077,-1.00,Stop Loss,32802.47,32551.39,是
2024-03-04,TQQQ,做空,09:35:00,09:40:00,62.87,62.98,62.98,2071,2872,2071,130203.77,2.27,0.11,0.11,325.51,4.00,1.04,-235.72,-0.0072,-1.00,Stop Loss,32551.39,32315.67,是
2024-03-05,TQQQ,做空,09:35:00,09:40:00,60.49,60.60,60.60,2136,2831,2136,129206.64,2.28,0.11,0.11,323.16,4.00,1.07,-244.88,-0.0076,-1.00,Stop Loss,32315.67,32070.79,是
2024-03-06,TQQQ,做空,09:35:00,09:45:00,60.65,60.77,60.77,2115,2775,2115,128274.75,2.31,0.12,0.12,320.71,4.00,1.06,-245.42,-0.0077,-1.00,Stop Loss,32070.79,31825.38,是
2024-03-07,TQQQ,做多,09:35:00,09:40:00,61.62,61.50,61.50,2065,2617,2065,127245.30,2.43,0.12,0.12,318.25,4.00,1.03,-252.08,-0.0079,-1.00,Stop Loss,31825.38,31573.30,是
2024-03-08,TQQQ,做多,09:35:00,09:40:00,63.19,63.06,63.06,1998,2435,1998,126253.62,2.59,0.13,0.13,315.73,4.00,1.00,-260.03,-0.0082,-1.00,Stop Loss,31573.30,31313.27,是
2024-03-11,TQQQ,做空,09:35:00,09:40:00,58.78,58.90,58.90,2130,2510,2130,125201.40,2.49,0.12,0.12,313.13,4.00,1.06,-266.78,-0.0085,-1.00,Stop Loss,31313.27,31046.49,是
2024-03-12,TQQQ,做空,09:35:00,09:55:00,59.83,59.96,59.96,2075,2431,2075,124147.25,2.55,0.13,0.13,310.46,4.00,1.04,-265.97,-0.0086,-1.00,Stop Loss,31046.49,30780.52,是
2024-03-13,TQQQ,做空,09:35:00,15:55:00,61.08,60.42,61.20,2015,2654,2015,123076.20,2.32,0.12,0.12,307.81,4.00,1.01,1328.89,0.0432,5.69,End of Day,30780.52,32109.41,是
2024-03-14,TQQQ,做多,09:35:00,09:40:00,60.88,60.76,60.76,2109,2742,2109,128395.92,2.34,0.12,0.12,321.09,4.00,1.05,-247.96,-0.0077,-1.00,Stop Loss,32109.41,31861.45,是
2024-03-15,TQQQ,做空,09:35:00,10:45:00,58.67,58.79,58.79,2172,2586,2172,127431.24,2.46,0.12,0.12,318.61,4.00,1.09,-268.63,-0.0084,-1.00,Stop Loss,31861.45,31592.82,是
2024-03-18,TQQQ,做多,09:35:00,09:55:00,60.20,60.07,60.07,2099,2435,2099,126359.80,2.59,0.13,0.13,315.93,4.00,1.05,-273.32,-0.0087,-1.00,Stop Loss,31592.82,31319.50,是
2024-03-19,TQQQ,做空,09:35:00,10:45:00,58.41,58.54,58.54,2144,2355,2144,125231.04,2.66,0.13,0.13,313.20,4.00,1.07,-286.15,-0.0091,-1.00,Stop Loss,31319.50,31033.36,是
2024-03-20,TQQQ,做空,09:35:00,14:00:00,59.93,60.06,60.06,2071,2309,2071,124115.03,2.69,0.13,0.13,310.33,4.00,1.04,-279.36,-0.0090,-1.00,Stop Loss,31033.36,30753.99,是
2024-03-21,TQQQ,做空,09:35:00,09:40:00,63.46,63.59,63.59,1938,2339,1938,122985.48,2.63,0.13,0.13,307.54,4.00,0.97,-255.68,-0.0083,-1.00,Stop Loss,30753.99,30498.32,是
2024-03-22,TQQQ,做空,09:35:00,09:40:00,62.12,62.25,62.25,1963,2302,1963,121941.56,2.65,0.13,0.13,304.98,4.00,0.98,-261.01,-0.0086,-1.00,Stop Loss,30498.32,30237.31,是
2024-03-25,TQQQ,做多,09:35:00,09:40:00,61.61,61.49,61.49,1963,2467,1963,120940.43,2.45,0.12,0.12,302.37,4.00,0.98,-241.52,-0.0080,-1.00,Stop Loss,30237.31,29995.79,是
2024-03-26,TQQQ,做多,09:35:00,09:40:00,62.82,62.70,62.70,1909,2497,1909,119923.38,2.40,0.12,0.12,299.96,4.00,0.95,-230.24,-0.0077,-1.00,Stop Loss,29995.79,29765.55,是
2024-03-27,TQQQ,做空,09:35:00,15:55:00,62.11,61.95,62.23,1916,2574,1916,119002.76,2.31,0.12,0.12,297.66,4.00,0.96,305.60,0.0103,1.38,End of Day,29765.55,30071.15,是
2024-03-28,TQQQ,做空,09:35:00,09:40:00,61.64,61.74,61.74,1951,2919,1951,120259.64,2.06,0.10,0.10,300.71,4.00,0.98,-201.93,-0.0067,-1.00,Stop Loss,30071.15,29869.22,是
2024-04-01,TQQQ,做多,09:35:00,10:15:00,62.43,62.33,62.33,1913,2861,1913,119428.59,2.09,0.10,0.10,298.69,4.00,0.96,-200.66,-0.0067,-1.00,Stop Loss,29869.22,29668.56,是
2024-04-02,TQQQ,做空,09:35:00,11:35:00,59.66,59.76,59.76,1989,2856,1989,118663.74,2.08,0.10,0.10,296.69,4.00,0.99,-207.57,-0.0070,-1.00,Stop Loss,29668.56,29461.00,是
2024-04-03,TQQQ,做多,09:35:00,09:40:00,59.69,59.59,59.59,1974,2823,1974,117828.06,2.09,0.10,0.10,294.61,4.00,0.99,-206.99,-0.0070,-1.00,Stop Loss,29461.00,29254.01,是
2024-04-04,TQQQ,做多,09:35:00,09:40:00,62.44,62.33,62.33,1874,2577,1874,117012.56,2.27,0.11,0.11,292.54,4.00,0.94,-213.64,-0.0073,-1.00,Stop Loss,29254.01,29040.37,是
2024-04-05,TQQQ,做空,09:35:00,09:40:00,58.30,58.42,58.42,1992,2521,1992,116133.60,2.30,0.12,0.12,290.40,4.00,1.00,-230.43,-0.0079,-1.00,Stop Loss,29040.37,28809.94,是
2024-04-08,TQQQ,做空,09:35:00,09:50:00,59.84,59.95,59.95,1925,2640,1925,115192.00,2.18,0.11,0.11,288.10,4.00,0.96,-210.99,-0.0073,-1.00,Stop Loss,28809.94,28598.95,是
2024-04-09,TQQQ,做空,09:35:00,09:40:00,60.44,60.55,60.55,1892,2615,1892,114352.48,2.19,0.11,0.11,285.99,4.00,0.95,-207.85,-0.0073,-1.00,Stop Loss,28598.95,28391.10,是
2024-04-10,TQQQ,做多,09:35:00,09:45:00,58.50,58.39,58.39,1941,2596,1941,113548.50,2.19,0.11,0.11,283.91,4.00,0.97,-213.23,-0.0075,-1.00,Stop Loss,28391.10,28177.86,是
2024-04-11,TQQQ,做多,09:35:00,09:40:00,59.64,59.53,59.53,1889,2484,1889,112659.96,2.27,0.11,0.11,281.78,4.00,0.94,-215.21,-0.0076,-1.00,Stop Loss,28177.86,27962.65,是
2024-04-12,TQQQ,做多,09:35:00,10:00:00,59.96,59.84,59.84,1865,2297,1865,111825.40,2.43,0.12,0.12,279.63,4.00,0.93,-227.93,-0.0082,-1.00,Stop Loss,27962.65,27734.72,是
2024-04-15,TQQQ,做空,09:35:00,09:40:00,59.56,59.69,59.69,1862,2081,1862,110900.72,2.66,0.13,0.13,277.35,4.00,0.93,-248.98,-0.0090,-1.00,Stop Loss,27734.72,27485.75,是
2024-04-16,TQQQ,做多,09:35:00,09:40:00,55.81,55.68,55.68,1969,2072,1969,109889.89,2.65,0.13,0.13,274.86,4.00,0.98,-262.16,-0.0095,-1.00,Stop Loss,27485.75,27223.59,是
2024-04-17,TQQQ,做空,09:35:00,15:55:00,56.26,53.70,56.40,1935,1984,1935,108863.10,2.74,0.14,0.14,272.24,4.00,0.97,4952.63,0.1819,18.66,End of Day,27223.59,32176.22,是
2024-04-18,TQQQ,做空,09:35:00,10:10:00,53.52,53.66,53.66,2272,2272,2404,121597.44,2.83,0.14,0.14,321.76,3.78,1.14,-322.79,-0.0100,-1.00,Stop Loss,32176.22,31853.44,是
2024-04-19,TQQQ,做空,09:35:00,09:40:00,52.08,52.23,52.23,2142,2142,2446,111555.36,2.97,0.15,0.15,318.53,3.50,1.07,-319.54,-0.0100,-1.00,Stop Loss,31853.44,31533.89,是
2024-04-22,TQQQ,做空,09:35:00,09:40:00,50.23,50.38,50.38,2137,2137,2511,107341.51,2.95,0.15,0.15,315.34,3.40,1.07,-316.28,-0.0100,-1.00,Stop Loss,31533.89,31217.62,是
2024-04-23,TQQQ,做空,09:35:00,09:40:00,51.60,51.75,51.75,2085,2085,2419,107586.00,2.99,0.15,0.15,312.18,3.45,1.04,-313.12,-0.0100,-1.00,Stop Loss,31217.62,30904.50,是
2024-04-24,TQQQ,做多,09:35:00,09:55:00,54.37,54.23,54.23,2211,2211,2273,120212.07,2.79,0.14,0.14,309.04,3.89,1.11,-310.01,-0.0100,-1.00,Stop Loss,30904.50,30594.48,是
2024-04-25,TQQQ,做空,09:35:00,09:40:00,50.53,50.67,50.67,2186,2186,2421,110458.58,2.80,0.14,0.14,305.94,3.61,1.09,-306.98,-0.0100,-1.00,Stop Loss,30594.48,30287.51,是
2024-04-26,TQQQ,做多,09:35:00,09:40:00,54.37,54.22,54.22,2075,2075,2228,112817.75,2.92,0.15,0.15,302.88,3.72,1.04,-303.84,-0.0100,-1.00,Stop Loss,30287.51,29983.67,是
2024-04-29,TQQQ,做多,09:35:00,09:40:00,56.22,56.08,56.08,2100,2100,2133,118062.00,2.85,0.14,0.14,299.84,3.94,1.05,-300.75,-0.0100,-1.00,Stop Loss,29983.67,29682.92,是
2024-04-30,TQQQ,做多,09:35:00,10:25:00,55.45,55.30,55.30,2042,2042,2141,113228.90,2.91,0.15,0.15,296.83,3.81,1.02,-297.84,-0.0100,-1.00,Stop Loss,29682.92,29385.08,是
2024-05-01,TQQQ,做空,09:35:00,09:40:00,52.03,52.18,52.18,2014,2014,2259,104788.42,2.92,0.15,0.15,293.85,3.57,1.01,-294.84,-0.0100,-1.00,Stop Loss,29385.08,29090.24,是
2024-05-02,TQQQ,做空,09:35:00,11:10:00,52.59,52.73,52.73,2040,2040,2212,107283.60,2.85,0.14,0.14,290.90,3.69,1.02,-291.79,-0.0100,-1.00,Stop Loss,29090.24,28798.45,是
2024-05-03,TQQQ,做空,09:35:00,09:40:00,56.15,56.29,56.29,2051,2083,2051,115163.65,2.76,0.14,0.14,287.98,4.00,1.03,-284.58,-0.0099,-1.00,Stop Loss,28798.45,28513.87,是
2024-05-06,TQQQ,做空,09:35:00,09:40:00,57.37,57.51,57.51,1988,2046,1988,114051.56,2.79,0.14,0.14,285.14,4.00,0.99,-278.04,-0.0098,-1.00,Stop Loss,28513.87,28235.84,是
2024-05-07,TQQQ,做多,09:35:00,09:40:00,58.87,58.74,58.74,1918,2150,1918,112912.66,2.63,0.13,0.13,282.36,4.00,0.96,-252.83,-0.0090,-1.00,Stop Loss,28235.84,27983.00,是
2024-05-08,TQQQ,做多,09:35:00,15:55:00,57.67,58.46,57.54,1940,2159,1940,111879.80,2.59,0.13,0.13,279.83,4.00,0.97,1531.63,0.0547,6.10,End of Day,27983.00,29514.63,是
2024-05-09,TQQQ,做空,09:35:00,10:35:00,58.43,58.55,58.55,2020,2453,2020,118028.60,2.41,0.12,0.12,295.15,4.00,1.01,-243.99,-0.0083,-1.00,Stop Loss,29514.63,29270.65,是
2024-05-10,TQQQ,做多,09:35:00,10:00:00,59.74,59.62,59.62,1959,2513,1959,117030.66,2.33,0.12,0.12,292.71,4.00,0.98,-229.13,-0.0078,-1.00,Stop Loss,29270.65,29041.51,是
2024-05-13,TQQQ,做空,09:35:00,10:15:00,59.54,59.65,59.65,1951,2630,1951,116162.54,2.21,0.11,0.11,290.42,4.00,0.98,-216.35,-0.0074,-1.00,Stop Loss,29041.51,28825.16,是
2024-05-14,TQQQ,做多,09:35:00,10:05:00,59.49,59.38,59.38,1938,2650,1938,115291.62,2.17,0.11,0.11,288.25,4.00,0.97,-211.73,-0.0073,-1.00,Stop Loss,28825.16,28613.43,是
2024-05-15,TQQQ,做多,09:35:00,09:40:00,61.81,61.70,61.70,1851,2653,1851,114410.31,2.16,0.11,0.11,286.13,4.00,0.93,-200.50,-0.0070,-1.00,Stop Loss,28613.43,28412.93,是
2024-05-16,TQQQ,做多,09:35:00,10:05:00,63.42,63.32,63.32,1792,2804,1792,113648.64,2.03,0.10,0.10,284.13,4.00,0.90,-182.46,-0.0064,-1.00,Stop Loss,28412.93,28230.47,是
2024-05-17,TQQQ,做空,09:35:00,09:40:00,62.99,63.09,63.09,1792,2799,1792,112878.08,2.02,0.10,0.10,282.30,4.00,0.90,-181.63,-0.0064,-1.00,Stop Loss,28230.47,28048.83,是
2024-05-20,TQQQ,做多,09:35:00,15:55:00,63.48,64.26,63.38,1767,2950,1767,112169.16,1.90,0.10,0.10,280.49,4.00,0.88,1377.38,0.0491,8.20,End of Day,28048.83,29426.21,是
2024-05-21,TQQQ,做多,09:35:00,09:40:00,63.67,63.58,63.58,1848,3375,1848,117662.16,1.74,0.09,0.09,294.26,4.00,0.92,-162.03,-0.0055,-1.00,Stop Loss,29426.21,29264.18,是
2024-05-22,TQQQ,做多,09:35:00,09:40:00,64.80,64.72,64.72,1806,3510,1806,117028.80,1.67,0.08,0.08,292.64,4.00,0.90,-151.45,-0.0052,-1.00,Stop Loss,29264.18,29112.74,是
2024-05-23,TQQQ,做空,09:35:00,15:55:00,66.05,63.57,66.13,1763,3474,1763,116446.15,1.68,0.08,0.08,291.13,4.00,0.88,4371.36,0.1502,29.60,End of Day,29112.74,33484.09,是
2024-05-24,TQQQ,做多,09:35:00,09:40:00,64.36,64.27,64.27,2081,3922,2081,133933.16,1.71,0.09,0.09,334.84,4.00,1.04,-178.67,-0.0053,-1.00,Stop Loss,33484.09,33305.43,是
2024-05-28,TQQQ,做空,09:35:00,10:45:00,65.76,65.85,65.85,2025,3845,2025,133164.00,1.73,0.09,0.09,333.05,4.00,1.01,-176.39,-0.0053,-1.00,Stop Loss,33305.43,33129.03,是
2024-05-29,TQQQ,做多,09:35:00,09:40:00,64.55,64.46,64.46,2052,3775,2052,132456.60,1.76,0.09,0.09,331.29,4.00,1.03,-181.09,-0.0055,-1.00,Stop Loss,33129.03,32947.94,是
2024-05-30,TQQQ,做空,09:35:00,09:40:00,63.78,63.87,63.87,2066,3545,2066,131769.48,1.86,0.09,0.09,329.48,4.00,1.03,-193.02,-0.0059,-1.00,Stop Loss,32947.94,32754.92,是
2024-05-31,TQQQ,做空,09:35:00,09:40:00,62.35,62.45,62.45,2101,3227,2101,130997.35,2.03,0.10,0.10,327.55,4.00,1.05,-214.30,-0.0065,-1.00,Stop Loss,32754.92,32540.62,是
2024-06-03,TQQQ,做多,09:35:00,09:50:00,63.78,63.67,63.67,2040,2975,2040,130111.20,2.19,0.11,0.11,325.41,4.00,1.02,-224.11,-0.0069,-1.00,Stop Loss,32540.62,32316.51,是
2024-06-04,TQQQ,做空,09:35:00,09:40:00,62.54,62.65,62.65,2066,2932,2066,129207.64,2.20,0.11,0.11,323.17,4.00,1.03,-228.74,-0.0071,-1.00,Stop Loss,32316.51,32087.77,是
2024-06-05,TQQQ,做空,09:35:00,09:45:00,64.96,65.07,65.07,1975,2823,1975,128296.00,2.27,0.11,0.11,320.88,4.00,0.99,-225.43,-0.0070,-1.00,Stop Loss,32087.77,31862.34,是
2024-06-07,TQQQ,做空,09:35:00,09:40:00,66.66,66.77,66.77,1911,2787,1911,127387.26,2.29,0.11,0.11,318.62,4.00,0.96,-219.42,-0.0069,-1.00,Stop Loss,31862.34,31642.92,是
2024-06-10,TQQQ,做多,09:35:00,09:40:00,66.84,66.73,66.73,1893,2768,1893,126528.12,2.29,0.11,0.11,316.43,4.00,0.95,-217.29,-0.0069,-1.00,Stop Loss,31642.92,31425.63,是
2024-06-11,TQQQ,做多,09:35:00,09:40:00,67.54,67.42,67.42,1861,2639,1861,125691.94,2.38,0.12,0.12,314.26,4.00,0.93,-222.52,-0.0071,-1.00,Stop Loss,31425.63,31203.11,是
2024-06-12,TQQQ,做多,09:35:00,15:55:00,71.38,71.98,71.25,1748,2460,1748,124772.24,2.54,0.13,0.13,312.03,4.00,0.87,1047.93,0.0336,4.73,End of Day,31203.11,32251.03,是
2024-06-13,TQQQ,做空,09:35:00,09:40:00,73.54,73.66,73.66,1754,2678,1754,128989.16,2.41,0.12,0.12,322.51,4.00,0.88,-212.05,-0.0066,-1.00,Stop Loss,32251.03,32038.99,是
2024-06-14,TQQQ,做多,09:35:00,11:45:00,73.03,72.91,72.91,1754,2729,1754,128094.62,2.35,0.12,0.12,320.39,4.00,0.88,-206.78,-0.0065,-1.00,Stop Loss,32038.99,31832.20,是
2024-06-17,TQQQ,做空,09:35:00,09:40:00,74.07,74.20,74.20,1719,2502,1719,127326.33,2.54,0.13,0.13,318.32,4.00,0.86,-219.54,-0.0069,-1.00,Stop Loss,31832.20,31612.66,是
2024-06-18,TQQQ,做多,09:35:00,09:40:00,77.01,76.89,76.89,1642,2535,1642,126450.42,2.49,0.12,0.12,316.13,4.00,0.82,-205.54,-0.0065,-1.00,Stop Loss,31612.66,31407.12,是
2024-06-20,TQQQ,做空,09:35:00,09:40:00,76.95,77.08,77.08,1632,2466,1632,125582.40,2.55,0.13,0.13,314.07,4.00,0.82,-208.60,-0.0066,-1.00,Stop Loss,31407.12,31198.51,是
2024-06-21,TQQQ,做多,09:35:00,09:40:00,74.93,74.81,74.81,1665,2605,1665,124758.45,2.39,0.12,0.12,311.99,4.00,0.83,-200.22,-0.0064,-1.00,Stop Loss,31198.51,30998.30,是
2024-06-24,TQQQ,做多,09:35:00,09:40:00,74.23,74.11,74.11,1670,2616,1670,123964.10,2.37,0.12,0.12,309.98,4.00,0.83,-198.67,-0.0064,-1.00,Stop Loss,30998.30,30799.63,是
2024-06-25,TQQQ,做空,09:35:00,09:40:00,72.63,72.75,72.75,1696,2545,1696,123180.48,2.42,0.12,0.12,308.00,4.00,0.85,-206.06,-0.0067,-1.00,Stop Loss,30799.63,30593.56,是
2024-06-26,TQQQ,做空,09:35:00,09:40:00,73.53,73.64,73.64,1664,2737,1664,122353.92,2.23,0.11,0.11,305.94,4.00,0.83,-186.78,-0.0061,-1.00,Stop Loss,30593.56,30406.78,是
2024-06-27,TQQQ,做多,09:35:00,09:50:00,74.98,74.87,74.87,1622,2657,1622,121617.56,2.29,0.11,0.11,304.07,4.00,0.81,-186.41,-0.0061,-1.00,Stop Loss,30406.78,30220.37,是
2024-06-28,TQQQ,做空,09:35:00,09:40:00,74.98,75.10,75.10,1612,2459,1612,120867.76,2.46,0.12,0.12,302.20,4.00,0.81,-198.91,-0.0066,-1.00,Stop Loss,30220.37,30021.46,是
2024-07-01,TQQQ,做空,09:35:00,09:40:00,73.74,73.87,73.87,1628,2353,1628,120048.72,2.55,0.13,0.13,300.21,4.00,0.81,-208.44,-0.0069,-1.00,Stop Loss,30021.46,29813.01,是
2024-07-02,TQQQ,做多,09:35:00,15:55:00,74.75,77.36,74.62,1595,2306,1595,119226.25,2.58,0.13,0.13,298.13,4.00,0.80,4162.15,0.1396,20.19,End of Day,29813.01,33975.17,是
2024-07-03,TQQQ,做多,09:35:00,09:40:00,77.50,77.38,77.38,1753,2733,1753,135857.50,2.49,0.12,0.12,339.75,4.00,0.88,-218.75,-0.0064,-1.00,Stop Loss,33975.17,33756.42,是
2024-07-05,TQQQ,做多,09:35:00,09:45:00,79.81,79.68,79.68,1691,2660,1691,134958.71,2.54,0.13,0.13,337.56,4.00,0.85,-215.36,-0.0064,-1.00,Stop Loss,33756.42,33541.06,是
2024-07-08,TQQQ,做空,09:35:00,09:50:00,81.73,81.86,81.86,1641,2665,1641,134118.93,2.52,0.13,0.13,335.41,4.00,0.82,-207.29,-0.0062,-1.00,Stop Loss,33541.06,33333.76,是
2024-07-09,TQQQ,做多,09:35:00,09:40:00,83.39,83.27,83.27,1598,2824,1598,133257.22,2.36,0.12,0.12,333.34,4.00,0.80,-189.42,-0.0057,-1.00,Stop Loss,33333.76,33144.34,是
2024-07-10,TQQQ,做空,09:35:00,09:40:00,83.10,83.22,83.22,1595,2675,1595,132544.50,2.48,0.12,0.12,331.44,4.00,0.80,-198.41,-0.0060,-1.00,Stop Loss,33144.34,32945.94,是
2024-07-11,TQQQ,做空,09:35:00,15:55:00,84.90,79.30,85.03,1552,2452,1552,131764.80,2.69,0.13,0.13,329.46,4.00,0.78,8690.42,0.2638,41.69,End of Day,32945.94,41636.36,是
2024-07-12,TQQQ,做空,09:35:00,09:40:00,79.46,79.60,79.60,2095,2955,2095,166468.70,2.82,0.14,0.14,416.36,4.00,1.05,-296.22,-0.0071,-1.00,Stop Loss,41636.36,41340.14,是
2024-07-15,TQQQ,做多,09:35:00,09:40:00,81.68,81.54,81.54,2024,2893,2024,165320.32,2.86,0.14,0.14,413.40,4.00,1.01,-290.23,-0.0070,-1.00,Stop Loss,41340.14,41049.91,是
2024-07-16,TQQQ,做多,09:35:00,09:40:00,82.13,81.99,81.99,1999,2869,1999,164177.87,2.86,0.14,0.14,410.50,4.00,1.00,-286.93,-0.0070,-1.00,Stop Loss,41049.91,40762.99,是
2024-07-17,TQQQ,做空,09:35:00,09:50:00,77.02,77.18,77.18,2117,2482,2117,163051.34,3.28,0.16,0.16,407.63,4.00,1.06,-348.70,-0.0086,-1.00,Stop Loss,40762.99,40414.29,是
2024-07-18,TQQQ,做空,09:35:00,15:55:00,75.35,73.05,75.52,2145,2329,2145,161625.75,3.47,0.17,0.17,404.14,4.00,1.07,4932.43,0.1220,13.26,End of Day,40414.29,45346.71,是
2024-07-19,TQQQ,做多,09:35:00,09:45:00,73.09,72.92,72.92,2481,2644,2481,181336.29,3.43,0.17,0.17,453.47,4.00,1.24,-426.73,-0.0094,-1.00,Stop Loss,45346.71,44919.98,是
2024-07-22,TQQQ,做空,09:35:00,09:40:00,73.17,73.34,73.34,2455,2579,2455,179632.35,3.48,0.17,0.17,449.20,4.00,1.23,-428.75,-0.0095,-1.00,Stop Loss,44919.98,44491.23,是
2024-07-23,TQQQ,做多,09:35:00,10:00:00,73.95,73.78,73.78,2406,2616,2406,177923.70,3.40,0.17,0.17,444.91,4.00,1.20,-410.31,-0.0092,-1.00,Stop Loss,44491.23,44080.92,是
2024-07-24,TQQQ,做空,09:35:00,15:55:00,69.61,65.43,69.80,2304,2304,2533,160381.44,3.83,0.19,0.19,440.81,3.64,1.15,9629.57,0.2185,21.85,End of Day,44080.92,53710.49,是
2024-07-25,TQQQ,做空,09:35:00,09:40:00,64.96,65.16,65.16,2678,2678,3307,173962.88,4.01,0.20,0.20,537.10,3.24,1.34,-538.28,-0.0100,-1.00,Stop Loss,53710.49,53172.21,是
2024-07-26,TQQQ,做空,09:35:00,09:40:00,64.34,64.55,64.55,2564,2564,3305,164967.76,4.15,0.21,0.21,531.72,3.10,1.28,-532.85,-0.0100,-1.00,Stop Loss,53172.21,52639.36,是
2024-07-29,TQQQ,做空,09:35:00,09:40:00,66.01,66.22,66.22,2504,2504,3189,165289.04,4.20,0.21,0.21,526.39,3.14,1.25,-527.54,-0.0100,-1.00,Stop Loss,52639.36,52111.82,是
2024-07-30,TQQQ,做空,09:35:00,09:40:00,66.18,66.40,66.40,2380,2380,3149,157508.40,4.38,0.22,0.22,521.12,3.02,1.19,-522.16,-0.0100,-1.00,Stop Loss,52111.82,51589.67,是
2024-07-31,TQQQ,做空,09:35:00,09:40:00,66.38,66.60,66.60,2360,2360,3108,156656.80,4.37,0.22,0.22,515.90,3.04,1.18,-517.01,-0.0100,-1.00,Stop Loss,51589.67,51072.66,是
2024-08-01,TQQQ,做多,09:35:00,10:15:00,68.94,68.70,68.70,2164,2164,2963,149186.16,4.72,0.24,0.24,510.73,2.92,1.08,-511.71,-0.0100,-1.00,Stop Loss,51072.66,50560.95,是
2024-08-02,TQQQ,做空,09:35:00,09:40:00,58.56,58.81,58.81,2051,2051,3453,120106.56,4.93,0.25,0.25,505.61,2.38,1.03,-506.52,-0.0100,-1.00,Stop Loss,50560.95,50054.43,是
2024-08-05,TQQQ,做多,09:35:00,15:55:00,50.40,53.63,50.13,1835,1835,3972,92484.00,5.45,0.27,0.27,500.54,1.85,0.92,5926.13,0.1184,11.85,End of Day,50054.43,55980.56,是
2024-08-06,TQQQ,做多,09:35:00,09:40:00,54.43,54.17,54.17,2125,2125,4113,115663.75,5.27,0.26,0.26,559.81,2.07,1.06,-560.62,-0.0100,-1.00,Stop Loss,55980.56,55419.94,是
2024-08-07,TQQQ,做多,09:35:00,10:05:00,57.93,57.66,57.66,2072,2072,3826,120030.96,5.35,0.27,0.27,554.20,2.17,1.04,-555.07,-0.0100,-1.00,Stop Loss,55419.94,54864.86,是
2024-08-08,TQQQ,做空,09:35:00,10:00:00,55.32,55.59,55.59,2008,2008,3967,111082.56,5.46,0.27,0.27,548.65,2.02,1.00,-549.62,-0.0100,-1.00,Stop Loss,54864.86,54315.25,是
2024-08-09,TQQQ,做多,09:35:00,09:40:00,57.84,57.57,57.57,2016,2016,3756,116605.44,5.39,0.27,0.27,543.15,2.15,1.01,-543.96,-0.0100,-1.00,Stop Loss,54315.25,53771.29,是
2024-08-12,TQQQ,做多,09:35:00,09:40:00,59.49,59.22,59.22,1988,1988,3615,118266.12,5.41,0.27,0.27,537.71,2.20,0.99,-538.54,-0.0100,-1.00,Stop Loss,53771.29,53232.75,是
2024-08-13,TQQQ,做多,09:35:00,09:40:00,61.35,61.09,61.09,2074,2074,3470,127239.90,5.13,0.26,0.26,532.33,2.39,1.04,-533.24,-0.0100,-1.00,Stop Loss,53232.75,52699.51,是
2024-08-14,TQQQ,做空,09:35:00,11:30:00,63.68,63.93,63.93,2125,2125,3310,135320.00,4.96,0.25,0.25,527.00,2.57,1.06,-527.91,-0.0100,-1.00,Stop Loss,52699.51,52171.60,是
2024-08-15,TQQQ,做多,09:35:00,15:55:00,66.26,68.47,66.01,2049,2049,3149,135766.74,5.09,0.25,0.25,521.72,2.60,1.02,4527.27,0.0868,8.68,End of Day,52171.60,56698.86,是
2024-08-16,TQQQ,做多,09:35:00,09:45:00,67.71,67.46,67.46,2246,2246,3349,152076.66,5.05,0.25,0.25,566.99,2.68,1.12,-568.00,-0.0100,-1.00,Stop Loss,56698.86,56130.87,是
2024-08-19,TQQQ,做空,09:35:00,09:40:00,68.53,68.78,68.78,2281,2281,3276,156316.93,4.92,0.25,0.25,561.31,2.78,1.14,-562.27,-0.0100,-1.00,Stop Loss,56130.87,55568.60,是
2024-08-20,TQQQ,做多,09:35:00,10:10:00,71.40,71.17,71.17,2409,2409,3113,172002.60,4.61,0.23,0.23,555.69,3.10,1.20,-556.82,-0.0100,-1.00,Stop Loss,55568.60,55011.78,是
2024-08-21,TQQQ,做空,09:35:00,09:40:00,70.95,71.16,71.16,2642,2642,3101,187449.90,4.16,0.21,0.21,550.12,3.41,1.32,-551.42,-0.0100,-1.00,Stop Loss,55011.78,54460.35,是
2024-08-22,TQQQ,做多,09:35:00,09:40:00,72.90,72.70,72.70,2665,2665,2988,194278.50,4.09,0.20,0.20,544.60,3.57,1.33,-545.85,-0.0100,-1.00,Stop Loss,54460.35,53914.51,是
2024-08-23,TQQQ,做空,09:35:00,09:40:00,69.76,69.94,69.94,2982,2982,3091,208024.32,3.62,0.18,0.18,539.15,3.86,1.49,-540.59,-0.0100,-1.00,Stop Loss,53914.51,53373.91,是
2024-08-26,TQQQ,做多,09:35:00,09:40:00,70.58,70.40,70.40,3024,3040,3024,213433.92,3.51,0.18,0.18,533.74,4.00,1.51,-532.33,-0.0100,-1.00,Stop Loss,53373.91,52841.58,是
2024-08-27,TQQQ,做空,09:35:00,09:50:00,67.66,67.83,67.83,3123,3196,3123,211302.18,3.31,0.17,0.17,528.42,4.00,1.56,-517.86,-0.0098,-1.00,Stop Loss,52841.58,52323.72,是
2024-08-28,TQQQ,做多,09:35:00,09:40:00,68.84,68.68,68.68,3040,3248,3040,209273.60,3.22,0.16,0.16,523.24,4.00,1.52,-491.18,-0.0094,-1.00,Stop Loss,52323.72,51832.54,是
2024-08-29,TQQQ,做多,09:35:00,09:40:00,68.39,68.22,68.22,3031,3140,3031,207290.09,3.30,0.17,0.17,518.33,4.00,1.52,-501.74,-0.0097,-1.00,Stop Loss,51832.54,51330.80,是
2024-08-30,TQQQ,做空,09:35:00,09:40:00,67.90,68.07,68.07,3023,3083,3023,205261.70,3.33,0.17,0.17,513.31,4.00,1.51,-504.73,-0.0098,-1.00,Stop Loss,51330.80,50826.07,是
2024-09-03,TQQQ,做空,09:35:00,15:55:00,66.68,62.34,66.86,2873,2873,3048,191571.64,3.54,0.18,0.18,508.26,3.77,1.44,12467.38,0.2453,24.53,End of Day,50826.07,63293.45,是
2024-09-04,TQQQ,做多,09:35:00,09:40:00,61.48,61.30,61.30,3582,3582,4117,220221.36,3.53,0.18,0.18,632.93,3.48,1.79,-634.65,-0.0100,-1.00,Stop Loss,63293.45,62658.80,是
2024-09-05,TQQQ,做多,09:35:00,11:25:00,61.41,61.24,61.24,3692,3692,4081,226725.72,3.39,0.17,0.17,626.59,3.62,1.85,-628.43,-0.0100,-1.00,Stop Loss,62658.80,62030.37,是
2024-09-06,TQQQ,做空,09:35:00,15:55:00,61.50,57.00,61.68,3423,3423,4034,210514.50,3.62,0.18,0.18,620.30,3.39,1.71,15401.79,0.2483,24.83,End of Day,62030.37,77432.16,是
2024-09-09,TQQQ,做多,09:35:00,09:40:00,58.79,58.61,58.61,4357,4357,5268,256148.03,3.55,0.18,0.18,774.32,3.31,2.18,-776.48,-0.0100,-1.00,Stop Loss,77432.16,76655.68,是
2024-09-10,TQQQ,做多,09:35:00,09:40:00,59.96,59.78,59.78,4249,4249,5113,254770.04,3.61,0.18,0.18,766.56,3.32,2.12,-768.61,-0.0100,-1.00,Stop Loss,76655.68,75887.06,是
2024-09-11,TQQQ,做空,09:35:00,09:40:00,60.64,60.84,60.84,3831,3831,5005,232311.84,3.96,0.20,0.20,758.87,3.06,1.92,-760.59,-0.0100,-1.00,Stop Loss,75887.06,75126.47,是
2024-09-12,TQQQ,做多,09:35:00,09:45:00,64.72,64.53,64.53,3953,3953,4643,255838.16,3.80,0.19,0.19,751.26,3.41,1.98,-753.19,-0.0100,-1.00,Stop Loss,75126.47,74373.29,是
2024-09-13,TQQQ,做多,09:35:00,10:00:00,66.55,66.37,66.37,4029,4029,4470,268129.95,3.69,0.18,0.18,743.73,3.61,2.01,-745.65,-0.0100,-1.00,Stop Loss,74373.29,73627.63,是
2024-09-16,TQQQ,做空,09:35:00,09:40:00,65.48,65.66,65.66,4051,4051,4497,265259.48,3.63,0.18,0.18,736.28,3.60,2.03,-738.15,-0.0100,-1.00,Stop Loss,73627.63,72889.48,是
2024-09-17,TQQQ,做空,09:35:00,09:40:00,67.48,67.66,67.66,4000,4000,4320,269920.00,3.64,0.18,0.18,728.89,3.70,2.00,-730.86,-0.0100,-1.00,Stop Loss,72889.48,72158.63,是
2024-09-18,TQQQ,做空,09:35:00,10:00:00,66.68,66.86,66.86,4007,4007,4328,267186.76,3.60,0.18,0.18,721.59,3.70,2.00,-723.55,-0.0100,-1.00,Stop Loss,72158.63,71435.08,是
2024-09-19,TQQQ,做空,09:35:00,09:40:00,70.00,70.19,70.19,3776,3776,4082,264320.00,3.78,0.19,0.19,714.35,3.70,1.89,-716.23,-0.0100,-1.00,Stop Loss,71435.08,70718.85,是
2024-09-20,TQQQ,做多,09:35:00,09:40:00,70.40,70.21,70.21,3760,3760,4018,264704.00,3.76,0.19,0.19,707.19,3.74,1.88,-708.89,-0.0100,-1.00,Stop Loss,70718.85,70009.96,是
2024-09-23,TQQQ,做空,09:35:00,09:45:00,70.38,70.55,70.55,3978,4225,3978,279971.64,3.31,0.17,0.17,700.10,4.00,1.99,-661.06,-0.0094,-1.00,Stop Loss,70009.96,69348.90,是
2024-09-24,TQQQ,做空,09:35:00,11:30:00,71.11,71.28,71.28,3900,4186,3900,277329.00,3.31,0.17,0.17,693.49,4.00,1.95,-647.96,-0.0093,-1.00,Stop Loss,69348.90,68700.94,是
2024-09-25,TQQQ,做多,09:35:00,09:40:00,71.60,71.44,71.44,3838,4291,3838,274800.80,3.20,0.16,0.16,687.01,4.00,1.92,-616.27,-0.0090,-1.00,Stop Loss,68700.94,68084.67,是
2024-09-26,TQQQ,做空,09:35:00,15:55:00,74.34,73.17,74.49,3663,4431,3663,272307.42,3.07,0.15,0.15,680.85,4.00,1.83,4283.88,0.0629,7.62,End of Day,68084.67,72368.55,是
2024-09-27,TQQQ,做空,09:35:00,15:55:00,73.40,71.95,73.55,3943,4733,3943,289416.20,3.06,0.15,0.15,723.69,4.00,1.97,5715.38,0.0790,9.48,End of Day,72368.55,78083.92,是
2024-09-30,TQQQ,做多,09:35:00,09:55:00,71.97,71.82,71.82,4339,5140,4339,312277.83,3.04,0.15,0.15,780.84,4.00,2.17,-661.23,-0.0085,-1.00,Stop Loss,78083.92,77422.69,是
2024-10-01,TQQQ,做空,09:35:00,15:55:00,71.47,69.40,71.61,4333,5403,4333,309679.51,2.87,0.14,0.14,774.23,4.00,2.17,8967.14,0.1158,14.45,End of Day,77422.69,86389.84,是
2024-10-02,TQQQ,做多,09:35:00,09:40:00,69.05,68.91,68.91,5004,6079,5004,345526.20,2.84,0.14,0.14,863.90,4.00,2.50,-713.61,-0.0083,-1.00,Stop Loss,86389.84,85676.23,是
2024-10-03,TQQQ,做多,09:35:00,09:40:00,69.39,69.25,69.25,4938,5939,4938,342647.82,2.89,0.14,0.14,856.76,4.00,2.47,-714.78,-0.0083,-1.00,Stop Loss,85676.23,84961.45,是
2024-10-04,TQQQ,做空,09:35:00,09:40:00,71.86,72.01,72.01,4729,5845,4729,339825.94,2.91,0.15,0.15,849.61,4.00,2.36,-689.76,-0.0081,-1.00,Stop Loss,84961.45,84271.70,是
2024-10-07,TQQQ,做多,09:35:00,09:40:00,71.20,71.05,71.05,4734,5777,4734,337060.80,2.92,0.15,0.15,842.72,4.00,2.37,-692.85,-0.0082,-1.00,Stop Loss,84271.70,83578.84,是
2024-10-08,TQQQ,做空,09:35:00,09:40:00,70.37,70.52,70.52,4750,5724,4750,334257.50,2.92,0.15,0.15,835.79,4.00,2.38,-695.88,-0.0083,-1.00,Stop Loss,83578.84,82882.97,是
2024-10-09,TQQQ,做空,09:35:00,09:40:00,72.27,72.40,72.40,4587,6228,4587,331502.49,2.66,0.13,0.13,828.83,4.00,2.29,-612.69,-0.0074,-1.00,Stop Loss,82882.97,82270.27,是
2024-10-10,TQQQ,做多,09:35:00,09:40:00,73.49,73.36,73.36,4477,6205,4477,329014.73,2.65,0.13,0.13,822.70,4.00,2.24,-595.76,-0.0072,-1.00,Stop Loss,82270.27,81674.51,是
2024-10-11,TQQQ,做多,09:35:00,09:40:00,73.19,73.05,73.05,4463,6032,4463,326646.97,2.71,0.14,0.14,816.75,4.00,2.23,-606.49,-0.0074,-1.00,Stop Loss,81674.51,81068.02,是
2024-10-15,TQQQ,做多,09:35:00,09:40:00,76.41,76.27,76.27,4243,5716,4243,324207.63,2.84,0.14,0.14,810.68,4.00,2.12,-603.87,-0.0074,-1.00,Stop Loss,81068.02,80464.15,是
2024-10-16,TQQQ,做空,09:35:00,10:20:00,72.71,72.85,72.85,4426,5619,4426,321814.46,2.86,0.14,0.14,804.64,4.00,2.21,-635.92,-0.0079,-1.00,Stop Loss,80464.15,79828.23,是
2024-10-17,TQQQ,做空,09:35:00,09:50:00,74.58,74.72,74.72,4281,5720,4281,319276.98,2.79,0.14,0.14,798.28,4.00,2.14,-599.49,-0.0075,-1.00,Stop Loss,79828.23,79228.74,是
2024-10-18,TQQQ,做空,09:35:00,09:40:00,74.16,74.30,74.30,4273,5745,4273,316885.68,2.76,0.14,0.14,792.29,4.00,2.14,-591.35,-0.0075,-1.00,Stop Loss,79228.74,78637.39,是
2024-10-21,TQQQ,做多,09:35:00,10:40:00,74.25,74.11,74.11,4236,5730,4236,314523.00,2.74,0.14,0.14,786.37,4.00,2.12,-583.36,-0.0074,-1.00,Stop Loss,78637.39,78054.03,是
2024-10-22,TQQQ,做空,09:35:00,09:40:00,73.79,73.92,73.92,4231,6045,4231,312205.49,2.58,0.13,0.13,780.54,4.00,2.12,-548.37,-0.0070,-1.00,Stop Loss,78054.03,77505.66,是
2024-10-23,TQQQ,做空,09:35:00,09:40:00,73.98,74.12,74.12,4190,5638,4190,309976.20,2.75,0.14,0.14,775.06,4.00,2.10,-578.07,-0.0075,-1.00,Stop Loss,77505.66,76927.59,是
2024-10-24,TQQQ,做空,09:35:00,09:40:00,72.94,73.08,73.08,4218,5654,4218,307660.92,2.72,0.14,0.14,769.28,4.00,2.11,-575.91,-0.0075,-1.00,Stop Loss,76927.59,76351.68,是
2024-10-25,TQQQ,做多,09:35:00,13:40:00,75.18,75.04,75.04,4062,5490,4062,305381.16,2.78,0.14,0.14,763.52,4.00,2.03,-566.94,-0.0074,-1.00,Stop Loss,76351.68,75784.74,是
2024-10-28,TQQQ,做空,09:35:00,10:25:00,75.76,75.89,75.89,4001,5652,4001,303115.76,2.68,0.13,0.13,757.85,4.00,2.00,-538.42,-0.0071,-1.00,Stop Loss,75784.74,75246.32,是
2024-10-29,TQQQ,做空,09:35:00,09:40:00,74.19,74.32,74.32,4056,5615,4056,300914.64,2.68,0.13,0.13,752.46,4.00,2.03,-545.53,-0.0072,-1.00,Stop Loss,75246.32,74700.79,是
2024-10-30,TQQQ,做空,09:35:00,09:55:00,76.07,76.20,76.20,3928,5654,3928,298802.96,2.64,0.13,0.13,747.01,4.00,1.96,-520.88,-0.0070,-1.00,Stop Loss,74700.79,74179.91,是
2024-10-31,TQQQ,做空,09:35:00,15:55:00,72.42,69.44,72.56,4097,5128,4097,296704.74,2.89,0.14,0.14,741.80,4.00,2.05,12207.01,0.1646,20.60,End of Day,74179.91,86386.92,是
2024-11-01,TQQQ,做多,09:35:00,15:55:00,70.56,70.90,70.41,4897,5825,4897,345532.32,2.97,0.15,0.15,863.87,4.00,2.45,1662.53,0.0192,2.29,End of Day,86386.92,88049.45,是
2024-11-04,TQQQ,做空,09:35:00,09:40:00,69.87,70.01,70.01,5040,6279,5040,352144.80,2.80,0.14,0.14,880.49,4.00,2.52,-709.20,-0.0081,-1.00,Stop Loss,88049.45,87340.25,是
2024-11-05,TQQQ,做多,09:35:00,09:40:00,71.58,71.44,71.44,4880,6051,4880,349310.40,2.89,0.14,0.14,873.40,4.00,2.44,-706.73,-0.0081,-1.00,Stop Loss,87340.25,86633.52,是
2024-11-06,TQQQ,做多,09:35:00,09:45:00,77.03,76.87,76.87,4498,5485,4498,346480.94,3.16,0.16,0.16,866.34,4.00,2.25,-712.61,-0.0082,-1.00,Stop Loss,86633.52,85920.91,是
2024-11-07,TQQQ,做多,09:35:00,15:55:00,80.53,82.59,80.36,4267,5175,4267,343621.51,3.32,0.17,0.17,859.21,4.00,2.13,8787.89,0.1023,12.41,End of Day,85920.91,94708.80,是
2024-11-08,TQQQ,做多,09:35:00,09:40:00,82.50,82.34,82.34,4591,5837,4591,378757.50,3.25,0.16,0.16,947.09,4.00,2.30,-747.19,-0.0079,-1.00,Stop Loss,94708.80,93961.61,是
2024-11-12,TQQQ,做空,09:35:00,09:40:00,82.49,82.65,82.65,4556,5814,4556,375824.44,3.23,0.16,0.16,939.62,4.00,2.28,-738.56,-0.0079,-1.00,Stop Loss,93961.61,93223.05,是
2024-11-13,TQQQ,做多,09:35:00,09:40:00,82.00,81.85,81.85,4547,6118,4547,372854.00,3.05,0.15,0.15,932.23,4.00,2.27,-695.04,-0.0075,-1.00,Stop Loss,93223.05,92528.01,是
2024-11-14,TQQQ,做多,09:35:00,09:40:00,81.89,81.74,81.74,4519,6018,4519,370060.91,3.07,0.15,0.15,925.28,4.00,2.26,-697.06,-0.0075,-1.00,Stop Loss,92528.01,91830.96,是
2024-11-15,TQQQ,做空,09:35:00,15:55:00,77.00,74.22,77.17,4770,5552,4770,367290.00,3.31,0.17,0.17,918.31,4.00,2.39,13258.22,0.1444,16.81,End of Day,91830.96,105089.17,是
2024-11-18,TQQQ,做空,09:35:00,09:40:00,74.63,74.80,74.80,5632,6220,5632,420316.16,3.38,0.17,0.17,1050.89,4.00,2.82,-954.22,-0.0091,-1.00,Stop Loss,105089.17,104134.95,是
2024-11-19,TQQQ,做多,09:35:00,15:55:00,74.61,77.28,74.44,5582,6198,5582,416473.02,3.36,0.17,0.17,1041.35,4.00,2.79,14901.15,0.1431,15.89,End of Day,104134.95,119036.10,是
2024-11-20,TQQQ,做空,09:35:00,15:40:00,76.82,76.99,76.99,6198,6917,6198,476130.36,3.44,0.17,0.17,1190.36,4.00,3.10,-1069.60,-0.0090,-1.00,Stop Loss,119036.10,117966.50,是
2024-11-21,TQQQ,做空,09:35:00,12:30:00,77.65,77.82,77.82,6076,7063,6076,471801.40,3.34,0.17,0.17,1179.67,4.00,3.04,-1017.73,-0.0086,-1.00,Stop Loss,117966.50,116948.77,是
2024-11-22,TQQQ,做多,09:35:00,09:50:00,78.03,77.87,77.87,5995,7185,5995,467789.85,3.25,0.16,0.16,1169.49,4.00,3.00,-978.68,-0.0084,-1.00,Stop Loss,116948.77,115970.09,是
2024-11-25,TQQQ,做空,09:35:00,09:40:00,80.00,80.17,80.17,5798,6960,5798,463840.00,3.33,0.17,0.17,1159.70,4.00,2.90,-968.89,-0.0084,-1.00,Stop Loss,115970.09,115001.20,是
2024-11-26,TQQQ,做多,09:35:00,09:40:00,79.88,79.72,79.72,5758,7105,5758,459949.04,3.24,0.16,0.16,1150.01,4.00,2.88,-934.85,-0.0081,-1.00,Stop Loss,115001.20,114066.35,是
2024-11-27,TQQQ,做空,09:35:00,15:55:00,78.72,77.90,78.87,5796,7504,5796,456261.12,3.04,0.15,0.15,1140.66,4.00,2.90,4749.82,0.0416,5.39,End of Day,114066.35,118816.17,是
2024-11-29,TQQQ,做空,09:35:00,09:40:00,78.04,78.19,78.19,6090,8154,6090,475263.60,2.91,0.15,0.15,1188.16,4.00,3.04,-890.45,-0.0075,-1.00,Stop Loss,118816.17,117925.72,是
2024-12-02,TQQQ,做多,09:35:00,09:40:00,81.29,81.14,81.14,5802,7734,5802,471644.58,3.05,0.15,0.15,1179.26,4.00,2.90,-887.50,-0.0075,-1.00,Stop Loss,117925.72,117038.23,是
2024-12-03,TQQQ,做多,09:35:00,15:55:00,82.04,83.21,81.89,5706,7771,5706,468120.24,3.01,0.15,0.15,1170.38,4.00,2.85,6673.17,0.0570,7.77,End of Day,117038.23,123711.39,是
2024-12-04,TQQQ,做空,09:35:00,09:45:00,84.75,84.90,84.90,5838,8072,5838,494770.50,3.06,0.15,0.15,1237.11,4.00,2.92,-897.59,-0.0073,-1.00,Stop Loss,123711.39,122813.80,是
2024-12-05,TQQQ,做多,09:35:00,09:40:00,86.31,86.16,86.16,5691,8226,5691,491190.21,2.99,0.15,0.15,1228.14,4.00,2.85,-852.43,-0.0069,-1.00,Stop Loss,122813.80,121961.37,是
2024-12-06,TQQQ,做多,09:35:00,15:55:00,86.14,87.75,86.01,5663,9138,5663,487810.82,2.67,0.13,0.13,1219.61,4.00,2.83,9114.60,0.0747,12.06,End of Day,121961.37,131075.97,是
2024-12-09,TQQQ,做空,09:35:00,09:40:00,86.96,87.09,87.09,6029,9781,6029,524281.84,2.68,0.13,0.13,1310.76,4.00,3.01,-810.90,-0.0062,-1.00,Stop Loss,131075.97,130265.07,是
2024-12-10,TQQQ,做空,09:35:00,09:40:00,86.19,86.32,86.32,6045,9736,6045,521018.55,2.68,0.13,0.13,1302.65,4.00,3.02,-811.76,-0.0062,-1.00,Stop Loss,130265.07,129453.31,是
2024-12-11,TQQQ,做多,09:35:00,15:55:00,87.11,89.31,86.97,5944,9253,5944,517781.84,2.80,0.14,0.14,1294.53,4.00,2.97,13073.83,0.1010,15.73,End of Day,129453.31,142527.14,是
2024-12-12,TQQQ,做空,09:35:00,09:40:00,87.92,88.05,88.05,6484,10820,6484,570073.28,2.63,0.13,0.13,1425.27,4.00,3.24,-857.28,-0.0060,-1.00,Stop Loss,142527.14,141669.86,是
2024-12-13,TQQQ,做多,09:35:00,10:25:00,89.66,89.52,89.52,6320,10330,6320,566651.20,2.74,0.14,0.14,1416.70,4.00,3.16,-869.90,-0.0061,-1.00,Stop Loss,141669.86,140799.96,是
2024-12-16,TQQQ,做多,09:35:00,09:40:00,91.02,90.88,90.88,6187,9998,6187,563140.74,2.82,0.14,0.14,1408.00,4.00,3.09,-874.36,-0.0062,-1.00,Stop Loss,140799.96,139925.60,是
2024-12-17,TQQQ,做空,09:35:00,09:40:00,91.85,91.99,91.99,6093,9814,6093,559642.05,2.85,0.14,0.14,1399.26,4.00,3.05,-871.73,-0.0062,-1.00,Stop Loss,139925.60,139053.87,是
2024-12-18,TQQQ,做空,09:35:00,09:40:00,91.05,91.22,91.22,6108,8165,6108,556133.40,3.41,0.17,0.17,1390.54,4.00,3.05,-1043.16,-0.0075,-1.00,Stop Loss,139053.87,138010.71,是
2024-12-19,TQQQ,做空,09:35:00,15:55:00,84.25,80.94,84.43,6552,7862,6552,552006.00,3.51,0.18,0.18,1380.11,4.00,3.28,21683.84,0.1571,18.86,End of Day,138010.71,159694.55,是
2024-12-20,TQQQ,做空,09:35:00,09:40:00,79.01,79.20,79.20,8084,8370,8084,638716.84,3.82,0.19,0.19,1596.95,4.00,4.04,-1546.35,-0.0097,-1.00,Stop Loss,159694.55,158148.20,是
2024-12-23,TQQQ,做多,09:35:00,09:40:00,83.73,83.53,83.53,7555,8046,7555,632580.15,3.93,0.20,0.20,1581.48,4.00,3.78,-1488.60,-0.0094,-1.00,Stop Loss,158148.20,156659.60,是
2024-12-26,TQQQ,做多,09:35:00,09:45:00,87.87,87.67,87.67,7131,7766,7131,626600.97,4.03,0.20,0.20,1566.60,4.00,3.57,-1441.99,-0.0092,-1.00,Stop Loss,156659.60,155217.61,是
2024-12-27,TQQQ,做空,09:35:00,15:55:00,85.55,84.64,85.76,7232,7232,7257,618697.60,4.29,0.21,0.21,1552.18,3.99,3.62,6577.50,0.0424,4.24,End of Day,155217.61,161795.11,是
2024-12-30,TQQQ,做空,09:35:00,09:40:00,80.52,80.74,80.74,7231,7231,8037,582240.12,4.47,0.22,0.22,1617.95,3.60,3.62,-1621.55,-0.0100,-1.00,Stop Loss,161795.11,160173.56,是
2024-12-31,TQQQ,做多,09:35:00,09:40:00,81.87,81.64,81.64,7112,7112,7825,582259.44,4.50,0.23,0.23,1601.74,3.64,3.56,-1605.28,-0.0100,-1.00,Stop Loss,160173.56,158568.28,是
2025-01-02,TQQQ,做空,09:35:00,09:45:00,79.65,79.88,79.88,7019,7019,7963,559063.35,4.52,0.23,0.23,1585.68,3.53,3.51,-1589.05,-0.0100,-1.00,Stop Loss,158568.28,156979.23,是
2025-01-03,TQQQ,做多,09:35:00,09:50:00,80.40,80.17,80.17,6706,6706,7809,539162.40,4.68,0.23,0.23,1569.79,3.43,3.35,-1573.04,-0.0100,-1.00,Stop Loss,156979.23,155406.19,是
2025-01-06,TQQQ,做多,09:35:00,13:00:00,85.50,85.26,85.26,6520,6520,7270,557460.00,4.77,0.24,0.24,1554.06,3.59,3.26,-1557.12,-0.0100,-1.00,Stop Loss,155406.19,153849.07,是
2025-01-07,TQQQ,做空,09:35:00,09:45:00,85.23,85.47,85.47,6283,6283,7220,535500.09,4.90,0.24,0.24,1538.49,3.48,3.14,-1541.58,-0.0100,-1.00,Stop Loss,153849.07,152307.50,是
2025-01-08,TQQQ,做多,09:35:00,09:40:00,80.72,80.47,80.47,6144,6144,7547,495943.68,4.96,0.25,0.25,1523.07,3.26,3.07,-1525.91,-0.0100,-1.00,Stop Loss,152307.50,150781.59,是
2025-01-10,TQQQ,做空,09:35:00,15:55:00,78.41,76.77,78.64,6648,6648,7691,521269.68,4.54,0.23,0.23,1507.82,3.46,3.32,10899.40,0.0723,7.23,End of Day,150781.59,161680.98,是
2025-01-13,TQQQ,做空,09:35:00,09:40:00,74.01,74.24,74.24,7169,7169,8738,530577.69,4.51,0.23,0.23,1616.81,3.28,3.58,-1620.19,-0.0100,-1.00,Stop Loss,161680.98,160060.79,是
2025-01-14,TQQQ,做空,09:35:00,09:40:00,77.45,77.66,77.66,7513,7513,8266,581881.85,4.26,0.21,0.21,1600.61,3.64,3.76,-1604.29,-0.0100,-1.00,Stop Loss,160060.79,158456.50,是
2025-01-15,TQQQ,做多,09:35:00,15:55:00,79.46,80.89,79.24,7159,7159,7976,568854.14,4.43,0.22,0.22,1584.56,3.59,3.58,10233.79,0.0646,6.46,End of Day,158456.50,168690.29,是
2025-01-16,TQQQ,做空,09:35:00,09:40:00,81.26,81.48,81.48,7692,7692,8303,625051.92,4.39,0.22,0.22,1686.90,3.71,3.85,-1690.59,-0.0100,-1.00,Stop Loss,168690.29,166999.70,是
2025-01-17,TQQQ,做空,09:35:00,10:05:00,82.67,82.90,82.90,7349,7349,8080,607541.83,4.54,0.23,0.23,1670.00,3.64,3.67,-1673.47,-0.0100,-1.00,Stop Loss,166999.70,165326.22,是
2025-01-21,TQQQ,做空,09:35:00,12:35:00,84.22,84.44,84.44,7651,7651,7852,644367.22,4.32,0.22,0.22,1653.26,3.90,3.83,-1656.99,-0.0100,-1.00,Stop Loss,165326.22,163669.24,是
2025-01-22,TQQQ,做多,09:35:00,09:40:00,87.38,87.17,87.17,7492,7682,7492,654650.96,4.26,0.21,0.21,1636.69,4.00,3.75,-1599.81,-0.0098,-1.00,Stop Loss,163669.24,162069.43,是
2025-01-23,TQQQ,做多,09:35:00,09:55:00,86.64,86.43,86.43,7482,7786,7482,648240.48,4.16,0.21,0.21,1620.69,4.00,3.74,-1561.07,-0.0096,-1.00,Stop Loss,162069.43,160508.36,是
2025-01-24,TQQQ,做空,09:35:00,09:40:00,88.12,88.32,88.32,7285,8022,7285,641954.20,4.00,0.20,0.20,1605.08,4.00,3.64,-1461.16,-0.0091,-1.00,Stop Loss,160508.36,159047.20,是
2025-01-27,TQQQ,做多,09:35:00,11:20:00,78.90,78.68,78.68,7268,7268,8063,573445.20,4.38,0.22,0.22,1590.47,3.61,3.63,-1594.03,-0.0100,-1.00,Stop Loss,159047.20,157453.17,是
2025-01-28,TQQQ,做空,09:35:00,09:55:00,79.11,79.33,79.33,7110,7110,7961,562472.10,4.43,0.22,0.22,1574.53,3.57,3.56,-1577.91,-0.0100,-1.00,Stop Loss,157453.17,155875.26,是
2025-01-29,TQQQ,做空,09:35:00,09:40:00,82.19,82.40,82.40,7456,7456,7586,612808.64,4.18,0.21,0.21,1558.75,3.93,3.73,-1562.30,-0.0100,-1.00,Stop Loss,155875.26,154312.96,是
2025-01-30,TQQQ,做空,09:35:00,09:40:00,83.12,83.33,83.33,7287,7287,7426,605695.44,4.23,0.21,0.21,1543.13,3.93,3.64,-1546.67,-0.0100,-1.00,Stop Loss,154312.96,152766.29,是
2025-01-31,TQQQ,做多,09:35:00,09:40:00,85.35,85.14,85.14,7159,7272,7159,611020.65,4.20,0.21,0.21,1527.66,4.00,3.58,-1507.48,-0.0099,-1.00,Stop Loss,152766.29,151258.81,是
2025-02-03,TQQQ,做多,09:35:00,09:45:00,78.62,78.40,78.40,6970,6970,7695,547981.40,4.34,0.22,0.22,1512.59,3.62,3.48,-1515.97,-0.0100,-1.00,Stop Loss,151258.81,149742.84,是
2025-02-04,TQQQ,做多,09:35:00,15:55:00,81.24,83.68,81.03,6974,6974,7372,566567.76,4.29,0.21,0.21,1497.43,3.78,3.49,17013.07,0.1136,11.36,End of Day,149742.84,166755.91,是
2025-02-05,TQQQ,做空,09:35:00,09:40:00,82.29,82.50,82.50,8105,8127,8105,666960.45,4.10,0.21,0.21,1667.56,4.00,4.05,-1667.02,-0.0100,-1.00,Stop Loss,166755.91,165088.89,是
2025-02-06,TQQQ,做空,09:35:00,09:40:00,84.79,84.99,84.99,7788,8175,7788,660344.52,4.04,0.20,0.20,1650.89,4.00,3.89,-1576.51,-0.0095,-1.00,Stop Loss,165088.89,163512.37,是
2025-02-07,TQQQ,做多,09:35:00,09:55:00,86.93,86.73,86.73,7523,8078,7523,653974.39,4.05,0.20,0.20,1635.12,4.00,3.76,-1526.36,-0.0093,-1.00,Stop Loss,163512.37,161986.01,是
2025-02-10,TQQQ,做空,09:35:00,09:40:00,84.59,84.79,84.79,7659,7911,7659,647874.81,4.09,0.20,0.20,1619.86,4.00,3.83,-1572.01,-0.0097,-1.00,Stop Loss,161986.01,160414.00,是
2025-02-11,TQQQ,做多,09:35:00,12:00:00,84.88,84.68,84.68,7559,8176,7559,641607.92,3.92,0.20,0.20,1604.14,4.00,3.78,-1486.69,-0.0093,-1.00,Stop Loss,160414.00,158927.31,是
2025-02-12,TQQQ,做多,09:35:00,15:55:00,82.76,85.18,82.56,7681,7899,7681,635679.56,4.02,0.20,0.20,1589.27,4.00,3.84,18584.18,0.1169,12.03,End of Day,158927.31,177511.49,是
2025-02-13,TQQQ,做多,09:35:00,09:40:00,86.78,86.58,86.58,8182,8675,8182,710033.96,4.09,0.20,0.20,1775.11,4.00,4.09,-1678.19,-0.0095,-1.00,Stop Loss,177511.49,175833.30,是
2025-02-14,TQQQ,做多,09:35:00,09:40:00,88.88,88.70,88.70,7913,9986,7913,703307.44,3.52,0.18,0.18,1758.33,4.00,3.96,-1397.21,-0.0079,-1.00,Stop Loss,175833.30,174436.09,是
2025-02-18,TQQQ,做空,09:35:00,15:55:00,90.54,90.39,90.70,7706,10587,7706,697701.24,3.29,0.16,0.16,1744.36,4.00,3.85,1152.05,0.0066,0.91,End of Day,174436.09,175588.14,是
2025-02-19,TQQQ,做空,09:35:00,11:10:00,89.89,90.05,90.05,7813,10779,7813,702310.57,3.26,0.16,0.16,1755.88,4.00,3.91,-1276.59,-0.0073,-1.00,Stop Loss,175588.14,174311.55,是
2025-02-20,TQQQ,做空,09:35:00,09:40:00,89.63,89.79,89.79,7779,10733,7779,697231.77,3.25,0.16,0.16,1743.12,4.00,3.89,-1267.14,-0.0073,-1.00,Stop Loss,174311.55,173044.40,是
2025-02-21,TQQQ,做空,09:35:00,15:55:00,89.38,83.67,89.55,7744,10335,7744,692158.72,3.35,0.17,0.17,1730.44,4.00,3.87,44214.37,0.2555,34.10,End of Day,173044.40,217258.77,是
2025-02-24,TQQQ,做空,09:35:00,15:55:00,84.33,80.66,84.49,10305,13207,10305,869020.65,3.29,0.16,0.16,2172.59,4.00,5.15,37814.20,0.1741,22.31,End of Day,217258.77,255072.97,是
2025-02-25,TQQQ,做空,09:35:00,09:40:00,79.82,79.99,79.99,12782,14969,12782,1020259.24,3.41,0.17,0.17,2550.73,4.00,6.39,-2184.35,-0.0086,-1.00,Stop Loss,255072.97,252888.62,是
2025-02-26,TQQQ,做空,09:35:00,09:40:00,78.24,78.41,78.41,12928,14626,12928,1011486.72,3.46,0.17,0.17,2528.89,4.00,6.46,-2241.62,-0.0089,-1.00,Stop Loss,252888.62,250646.99,是
2025-02-27,TQQQ,做多,09:35:00,09:40:00,79.79,79.59,79.59,12565,12723,12565,1002561.35,3.94,0.20,0.20,2506.47,4.00,6.28,-2481.59,-0.0099,-1.00,Stop Loss,250646.99,248165.41,是
2025-02-28,TQQQ,做空,09:35:00,09:40:00,70.13,70.33,70.33,12538,12538,14154,879289.94,3.96,0.20,0.20,2481.65,3.54,6.27,-2487.90,-0.0100,-1.00,Stop Loss,248165.41,245677.51,是
2025-03-03,TQQQ,做多,09:35:00,09:40:00,76.71,76.49,76.49,11358,11358,12810,871272.18,4.33,0.22,0.22,2456.78,3.55,5.68,-2462.25,-0.0100,-1.00,Stop Loss,245677.51,243215.26,是
2025-03-04,TQQQ,做空,09:35:00,09:40:00,68.42,68.65,68.65,10422,10422,14218,713073.24,4.67,0.23,0.23,2432.15,2.93,5.21,-2437.26,-0.0100,-1.00,Stop Loss,243215.26,240778.00,是
2025-03-05,TQQQ,做空,09:35:00,09:40:00,69.51,69.75,69.75,10057,10057,13855,699062.07,4.79,0.24,0.24,2407.78,2.90,5.03,-2412.60,-0.0100,-1.00,Stop Loss,240778.00,238365.40,是
2025-03-06,TQQQ,做空,09:35:00,09:40:00,68.06,68.31,68.31,9521,9521,14009,647999.26,5.01,0.25,0.25,2383.65,2.72,4.76,-2388.41,-0.0100,-1.00,Stop Loss,238365.40,235976.98,是
2025-03-07,TQQQ,做多,09:35:00,10:15:00,66.18,65.92,65.92,8972,8972,14262,593766.96,5.26,0.26,0.26,2359.77,2.52,4.49,-2364.12,-0.0100,-1.00,Stop Loss,235976.98,233612.86,是
2025-03-10,TQQQ,做空,09:35:00,09:40:00,63.36,63.65,63.65,8056,8056,14748,510428.16,5.80,0.29,0.29,2336.13,2.18,4.03,-2339.98,-0.0100,-1.00,Stop Loss,233612.86,231272.88,是
2025-03-11,TQQQ,做多,09:35:00,10:00:00,59.41,59.11,59.11,7758,7758,15571,460902.78,5.96,0.30,0.30,2312.73,1.99,3.88,-2316.59,-0.0100,-1.00,Stop Loss,231272.88,228956.29,是
2025-03-12,TQQQ,做多,09:35:00,09:40:00,62.30,62.00,62.00,7686,7686,14700,478837.80,5.96,0.30,0.30,2289.56,2.09,3.84,-2293.17,-0.0100,-1.00,Stop Loss,228956.29,226663.11,是
2025-03-13,TQQQ,做空,09:35:00,15:55:00,60.74,57.78,61.03,7815,7815,14926,474683.10,5.80,0.29,0.29,2266.63,2.09,3.91,23128.49,0.1020,10.21,End of Day,226663.11,249791.61,是
2025-03-14,TQQQ,做多,09:35:00,10:00:00,60.40,60.11,60.11,8624,8624,16542,520889.60,5.79,0.29,0.29,2497.92,2.09,4.31,-2502.19,-0.0100,-1.00,Stop Loss,249791.61,247289.42,是
2025-03-17,TQQQ,做多,09:35:00,09:50:00,62.40,62.12,62.12,8726,8726,15851,544502.40,5.67,0.28,0.28,2472.89,2.20,4.36,-2477.25,-0.0100,-1.00,Stop Loss,247289.42,244812.17,是
2025-03-18,TQQQ,做空,09:35:00,15:55:00,61.24,59.91,61.52,8606,8606,15990,527031.44,5.69,0.28,0.28,2448.12,2.15,4.30,11441.68,0.0467,4.68,End of Day,244812.17,256253.84,是
2025-03-19,TQQQ,做空,09:35:00,09:50:00,60.53,60.80,60.80,9571,9571,16934,579332.63,5.35,0.27,0.27,2562.54,2.26,4.79,-2567.08,-0.0100,-1.00,Stop Loss,256253.84,253686.76,是
2025-03-20,TQQQ,做多,09:35:00,13:25:00,61.41,61.15,61.15,9714,9714,16524,596536.74,5.22,0.26,0.26,2536.87,2.35,4.86,-2541.60,-0.0100,-1.00,Stop Loss,253686.76,251145.17,是
2025-03-24,TQQQ,做空,09:35:00,09:40:00,64.86,65.09,65.09,10754,10754,15488,697504.44,4.67,0.23,0.23,2511.45,2.78,5.38,-2516.82,-0.0100,-1.00,Stop Loss,251145.17,248628.35,是
2025-03-25,TQQQ,做多,09:35:00,09:40:00,66.49,66.27,66.27,11323,11323,14957,752866.27,4.39,0.22,0.22,2486.28,3.03,5.66,-2491.87,-0.0100,-1.00,Stop Loss,248628.35,246136.48,是
2025-03-26,TQQQ,做空,09:35:00,09:40:00,66.53,66.74,66.74,11647,11647,14798,774874.91,4.23,0.21,0.21,2461.36,3.15,5.82,-2467.08,-0.0100,-1.00,Stop Loss,246136.48,243669.39,是
2025-03-27,TQQQ,做空,09:35:00,09:45:00,62.30,62.50,62.50,12069,12069,15644,751898.70,4.04,0.20,0.20,2436.69,3.09,6.03,-2442.68,-0.0100,-1.00,Stop Loss,243669.39,241226.71,是
2025-03-28,TQQQ,做空,09:35:00,09:40:00,61.09,61.28,61.28,12914,12914,15794,788916.26,3.74,0.19,0.19,2412.27,3.27,6.46,-2418.61,-0.0100,-1.00,Stop Loss,241226.71,238808.11,是
2025-03-31,TQQQ,做空,09:35:00,09:40:00,53.55,53.74,53.74,12758,12758,17838,683190.90,3.74,0.19,0.19,2388.08,2.86,6.38,-2394.40,-0.0100,-1.00,Stop Loss,238808.11,236413.70,是
2025-04-01,TQQQ,做空,09:35:00,09:40:00,56.58,56.77,56.77,12664,12664,16713,716529.12,3.73,0.19,0.19,2364.14,3.03,6.33,-2370.43,-0.0100,-1.00,Stop Loss,236413.70,234043.27,是
2025-04-02,TQQQ,做多,09:35:00,15:55:00,57.00,59.93,56.81,12304,12304,16424,701328.00,3.80,0.19,0.19,2340.43,3.00,6.15,36044.57,0.1540,15.40,End of Day,234043.27,270087.84,是
2025-04-03,TQQQ,做多,09:35:00,09:40:00,53.66,53.45,53.45,12898,12898,20133,692106.68,4.19,0.21,0.21,2700.88,2.56,6.45,-2707.20,-0.0100,-1.00,Stop Loss,270087.84,267380.64,是
2025-04-04,TQQQ,做多,09:35:00,09:40:00,46.10,45.87,45.87,11558,11558,23200,532823.80,4.63,0.23,0.23,2673.81,1.99,5.78,-2679.39,-0.0100,-1.00,Stop Loss,267380.64,264701.25,是
2025-04-07,TQQQ,做空,09:35:00,09:45:00,36.62,36.88,36.88,10217,10217,28913,374146.54,5.18,0.26,0.26,2647.01,1.41,5.11,-2652.04,-0.0100,-1.00,Stop Loss,264701.25,262049.21,是
2025-04-08,TQQQ,做多,09:35:00,09:40:00,45.52,45.24,45.24,9376,9376,23027,426795.52,5.59,0.28,0.28,2620.49,1.63,4.69,-2624.95,-0.0100,-1.00,Stop Loss,262049.21,259424.26,是
2025-04-09,TQQQ,做多,09:35:00,10:55:00,39.21,38.89,38.89,8100,8100,26465,317601.00,6.41,0.32,0.32,2594.24,1.22,4.05,-2598.08,-0.0100,-1.00,Stop Loss,259424.26,256826.19,是
2025-04-10,TQQQ,做多,09:35:00,09:40:00,48.94,48.59,48.59,7380,7380,20991,361177.20,6.96,0.35,0.35,2568.26,1.41,3.69,-2571.67,-0.0100,-1.00,Stop Loss,256826.19,254254.52,是
2025-04-11,TQQQ,做空,09:35:00,09:40:00,45.66,46.01,46.01,7295,7295,22273,333089.70,6.97,0.35,0.35,2542.55,1.31,3.65,-2545.96,-0.0100,-1.00,Stop Loss,254254.52,251708.57,是
2025-04-14,TQQQ,做空,09:35:00,15:55:00,51.49,49.59,51.85,7028,7028,19553,361871.72,7.16,0.36,0.36,2517.09,1.44,3.51,13349.69,0.0530,5.31,End of Day,251708.57,265058.25,是
2025-04-15,TQQQ,做多,09:35:00,10:15:00,50.19,49.84,49.84,7591,7591,21124,380992.29,6.98,0.35,0.35,2650.58,1.44,3.80,-2654.14,-0.0100,-1.00,Stop Loss,265058.25,262404.11,是
2025-04-16,TQQQ,做多,09:35:00,09:50:00,47.16,46.80,46.80,7211,7211,22256,340070.76,7.28,0.36,0.36,2624.04,1.30,3.61,-2627.64,-0.0100,-1.00,Stop Loss,262404.11,259776.48,是
2025-04-17,TQQQ,做空,09:35:00,09:50:00,45.46,45.81,45.81,7383,7383,22857,335631.18,7.04,0.35,0.35,2597.76,1.29,3.69,-2601.19,-0.0100,-1.00,Stop Loss,259776.48,257175.29,是
2025-04-21,TQQQ,做多,09:35:00,09:40:00,43.54,43.19,43.19,7284,7284,23626,317145.36,7.06,0.35,0.35,2571.75,1.23,3.64,-2575.15,-0.0100,-1.00,Stop Loss,257175.29,254600.13,是
2025-04-22,TQQQ,做空,09:35:00,09:40:00,43.18,43.54,43.54,7158,7158,23585,309082.44,7.11,0.36,0.36,2546.00,1.21,3.58,-2549.53,-0.0100,-1.00,Stop Loss,254600.13,252050.61,是
2025-04-23,TQQQ,做多,09:35:00,11:20:00,49.54,49.18,49.18,7039,7039,20351,348712.06,7.16,0.36,0.36,2520.51,1.38,3.52,-2523.73,-0.0100,-1.00,Stop Loss,252050.61,249526.88,是
2025-04-24,TQQQ,做多,09:35:00,15:55:00,48.81,52.14,48.47,7383,7383,20448,360364.23,6.76,0.34,0.34,2495.27,1.44,3.69,24581.70,0.0985,9.85,End of Day,249526.88,274108.57,是
2025-04-25,TQQQ,做多,09:35:00,09:45:00,52.24,51.93,51.93,8726,8726,20988,455846.24,6.28,0.31,0.31,2741.09,1.66,4.36,-2745.26,-0.0100,-1.00,Stop Loss,274108.57,271363.31,是
2025-04-28,TQQQ,做空,09:35:00,09:40:00,53.60,53.88,53.88,9603,9603,20250,514720.80,5.65,0.28,0.28,2713.63,1.90,4.80,-2718.33,-0.0100,-1.00,Stop Loss,271363.31,268644.98,是
2025-04-29,TQQQ,做多,09:35:00,09:40:00,53.21,52.95,52.95,10483,10483,20195,557800.43,5.12,0.26,0.26,2686.45,2.08,5.24,-2691.51,-0.0100,-1.00,Stop Loss,268644.98,265953.47,是
2025-04-30,TQQQ,做空,09:35:00,10:30:00,51.91,52.13,52.13,11977,11977,20493,621726.07,4.44,0.22,0.22,2659.53,2.34,5.99,-2665.31,-0.0100,-1.00,Stop Loss,265953.47,263288.16,是
2025-05-01,TQQQ,做空,09:35:00,09:45:00,57.29,57.49,57.49,13374,13374,18382,766196.46,3.94,0.20,0.20,2632.88,2.91,6.69,-2639.45,-0.0100,-1.00,Stop Loss,263288.16,260648.70,是
2025-05-02,TQQQ,做空,09:35:00,09:40:00,58.61,58.80,58.80,13495,13495,17788,790941.95,3.86,0.19,0.19,2606.49,3.03,6.75,-2613.21,-0.0100,-1.00,Stop Loss,260648.70,258035.49,是
2025-05-05,TQQQ,做多,09:35:00,09:40:00,58.10,57.91,57.91,13923,13923,17764,808926.30,3.71,0.19,0.19,2580.35,3.13,6.96,-2587.19,-0.0100,-1.00,Stop Loss,258035.49,255448.30,是
2025-05-06,TQQQ,做多,09:35:00,09:45:00,56.40,56.21,56.21,13577,13577,18116,765742.80,3.76,0.19,0.19,2554.48,3.00,6.79,-2561.20,-0.0100,-1.00,Stop Loss,255448.30,252887.10,是
2025-05-07,TQQQ,做空,09:35:00,09:40:00,56.97,57.15,57.15,14377,14377,17755,819057.69,3.52,0.18,0.18,2528.87,3.24,7.19,-2536.00,-0.0100,-1.00,Stop Loss,252887.10,250351.10,是
2025-05-08,TQQQ,做空,09:35:00,09:40:00,58.78,58.96,58.96,13850,13850,17036,814103.00,3.62,0.18,0.18,2503.51,3.25,6.92,-2510.31,-0.0100,-1.00,Stop Loss,250351.10,247840.78,是
2025-05-09,TQQQ,做多,09:35:00,09:40:00,60.10,59.93,59.93,14569,14569,16495,875596.90,3.40,0.17,0.17,2478.41,3.53,7.28,-2485.58,-0.0100,-1.00,Stop Loss,247840.78,245355.21,是
2025-05-12,TQQQ,做空,09:35:00,09:50:00,64.84,65.02,65.02,13558,13558,15136,879100.72,3.62,0.18,0.18,2453.55,3.58,6.78,-2460.29,-0.0100,-1.00,Stop Loss,245355.21,242894.92,是
2025-05-13,TQQQ,做多,09:35:00,15:55:00,66.98,69.16,66.81,13982,13982,14505,936514.36,3.47,0.17,0.17,2428.95,3.86,6.99,30473.77,0.1255,12.55,End of Day,242894.92,273368.68,是
2025-05-14,TQQQ,做多,09:35:00,09:40:00,70.41,70.25,70.25,15530,16679,15530,1093467.30,3.28,0.16,0.16,2733.69,4.00,7.77,-2553.02,-0.0093,-1.00,Stop Loss,273368.68,270815.66,是
2025-05-15,TQQQ,做多,09:35:00,09:40:00,69.77,69.61,69.61,15526,16462,15526,1083249.02,3.29,0.16,0.16,2708.16,4.00,7.76,-2561.79,-0.0095,-1.00,Stop Loss,270815.66,268253.87,是
2025-05-16,TQQQ,做空,09:35:00,09:50:00,70.73,70.89,70.89,15170,16717,15170,1072974.10,3.21,0.16,0.16,2682.54,4.00,7.58,-2441.83,-0.0091,-1.00,Stop Loss,268253.87,265812.05,是
2025-05-19,TQQQ,做多,09:35:00,15:55:00,68.91,71.62,68.75,15429,16172,15429,1063212.39,3.29,0.16,0.16,2658.12,4.00,7.71,41804.88,0.1573,16.49,End of Day,265812.05,307616.92,是
2025-05-20,TQQQ,做多,09:35:00,09:40:00,70.66,70.51,70.51,17413,19965,17413,1230402.58,3.08,0.15,0.15,3076.17,4.00,8.71,-2691.55,-0.0087,-1.00,Stop Loss,307616.92,304925.37,是
2025-05-21,TQQQ,做多,09:35:00,13:20:00,69.64,69.48,69.48,17514,19452,17514,1219674.96,3.13,0.16,0.16,3049.25,4.00,8.76,-2754.08,-0.0090,-1.00,Stop Loss,304925.37,302171.29,是
2025-05-22,TQQQ,做空,09:35:00,09:40:00,67.70,67.85,67.85,17853,19851,17853,1208648.10,3.04,0.15,0.15,3021.71,4.00,8.93,-2726.41,-0.0090,-1.00,Stop Loss,302171.29,299444.88,是
2025-05-23,TQQQ,做多,09:35:00,09:40:00,65.67,65.51,65.51,18239,18947,18239,1197755.13,3.16,0.16,0.16,2994.45,4.00,9.12,-2891.53,-0.0097,-1.00,Stop Loss,299444.88,296553.35,是
